WT/Mutant,Molecular weight,Volume,Polarity,Isoelectri c point,Hydropho bicity,"Residu e type(W
T)","Residu e type(
Mt)","Seconda ry structur
e",Normali ze ASA,ΔΔG (Mt WT)
Trp174Leu,-0.57,-0.6,-0.04,0.01,0.07,2,3,2,1,-0.65
Met652Thr,-0.23,-0.1,0,-0.01,-0.18,3,1,1,0.75,-0.27
Met58Ile,-0.14,0,-0.03,0.04,0.19,3,3,1,0.75,-0.21
Met291Ile,-0.14,0,-0.03,0.04,0.19,3,3,2,0.75,-0.21
His394Pro,-0.31,-0.3,-0.96,-0.16,0.14,2,3,1,0.64,-0.21
Ala78Ser,0.12,0.1,0.03,-0.04,-0.21,3,1,2,0.19,-0.13
Ala162Ser,0.12,0.1,0.03,-0.04,-0.21,3,1,2,0.19,-0.13
Ala403Ser,0.12,0.1,0.03,-0.04,-0.21,3,1,1,0.19,-0.13
Asp461Asn,-0.01,0,-0.89,0.33,-0.43,0,1,1,0.4,-0.08
Asp472Asn,-0.01,0,-0.89,0.33,-0.43,0,1,4,0.4,-0.08
Ala504Thr,0.23,0.2,0.03,-0.04,-0.18,3,1,1,0.19,-0.08
Glu71Lys,-0.01,0,-0.01,0.56,-0.2,0,0,4,0.59,-0.06
Gly73Val,0.33,0.3,0,0,0.15,3,3,4,0,-0.05
Gly520Ala,0.11,0.1,0,0,0.04,3,3,1,0,-0.04
Asn499Ser,-0.21,-0.2,-0.04,0.03,0.15,1,1,3,0.42,-0.03
Asp97Glu,0.11,0.1,0,0.31,-0.42,0,0,1,0.4,-0.02
Asp259Glu,0.11,0.1,0,0.31,-0.42,0,0,1,0.4,-0.02
Asp639Glu,0.11,0.1,0,0.31,-0.42,0,0,4,0.4,-0.02
Ala644Asp,0.34,0.3,0.96,-0.4,0.07,3,0,1,0.19,-0.02
Ala62Val,0.22,0.2,0,0,0.11,3,3,3,0.19,-0.01
Pro94Leu,0.12,0.1,-0.03,-0.04,0.24,3,3,2,0.39,-0.01
Pro177Leu,0.12,0.1,-0.03,-0.04,0.24,3,3,4,0.39,-0.01
Ala242Pro,0.2,0.2,0.03,0.04,-0.13,3,3,3,0.19,-0.01
Val301Leu,0.1,0.1,0,0,0,3,3,2,0.46,-0.01
Ala398Val,0.22,0.2,0,0,0.11,3,3,1,0.19,-0.01
Ala504Val,0.22,0.2,0,0,0.11,3,3,1,0.19,-0.01
Pro554Leu,0.12,0.1,-0.03,-0.04,0.24,3,3,1,0.39,-0.01
Ala593Val,0.22,0.2,0,0,0.11,3,3,1,0.19,-0.01
Lys159Asn,-0.11,-0.1,-0.88,-0.54,0.19,0,1,2,0.78,0
Lys268Asn,-0.11,-0.1,-0.88,-0.54,0.19,0,1,4,0.78,0
Lys441Asn,-0.11,-0.1,-0.88,-0.54,0.19,0,1,4,0.78,0
Lys596Asn,-0.11,-0.1,-0.88,-0.54,0.19,0,1,1,0.78,0
Lys603Asn,-0.11,-0.1,-0.88,-0.54,0.19,0,1,4,0.78,0
Asp472Ala,-0.34,-0.3,-0.96,0.4,-0.07,0,3,4,0.4,0.02
Asn499Thr,-0.1,-0.1,-0.04,0.03,0.18,1,1,3,0.42,0.02
Glu501Asp,-0.11,-0.1,0,-0.31,0.42,0,0,1,0.59,0.02
Thr500Ile,0.09,0.1,-0.03,0.05,0.37,1,3,1,0.37,0.06
Thr511Pro,-0.03,0,0,0.08,0.05,1,3,3,0.37,0.07
Thr500Ala,-0.23,-0.2,-0.03,0.04,0.18,1,3,1,0.37,0.08
Ser576Gly,-0.23,-0.2,-0.03,0.04,0.17,1,3,4,0.24,0.17
Asp472His,0.17,0.2,0.03,0.6,-0.34,0,2,4,0.4,0.22
Arg40Pro,-0.46,-0.4,-0.97,-0.56,0.68,0,3,1,0.93,0.23
Asn499Tyr,0.38,0.4,-0.04,0.03,0.26,1,2,3,0.42,0.42
Arg421His,-0.15,-0.1,-0.01,-0.4,0.54,0,2,1,0.93,0.44
Arg446Cys,-0.41,-0.5,-0.97,-0.71,0.72,0,3,3,0.93,0.62
Val670Phe,0.37,0.4,0.01,-0.06,0.03,3,2,4,0.46,0.77
Arg609Trp,0.23,0.3,-0.96,-0.61,0.85,0,2,2,0.93,0.87
Ser447Phe,0.47,0.5,-0.02,-0.02,0.35,1,2,3,0.24,0.89
Ser649Phe,0.47,0.5,-0.02,-0.02,0.35,1,2,1,0.24,0.89
